the, 0
and, 0
to, 0
of, 0
a, 0
in, 0
is, 0
that, 0
for, 0
I, 0
you, 0
it, 0
with, 0
on, 0
as, 0
are, 0
be, 0
this, 0
was, 0
have, 0
or, 0
at, 0
not, 0
your, 0
from, 0
we, 0
by, 0
will, 0
can, 0
but, 0
they, 0
an, 0
he, 0
all, 0
has, 0
if, 0
their, 0
one, 0
do, 0
more, 0
n't, 0
my, 0
his, 0
so, 0
there, 0
about, 0
which, 0
when, 0
what, 0
out, 0
up, 0
our, 0
who, 0
also, 0
had, 0
time, 0
some, 0
would, 0
were, 0
like, 0
been, 0
just, 0
her, 0
new, 0
other, 0
them, 0
she, 0
people, 0
these, 0
no, 0
get, 0
how, 0
me, 0
into, 0
than, 0
only, 0
its, 0
most, 0
may, 0
any, 0
many, 0
make, 0
then, 0
well, 0
first, 0
very, 0
over, 0
now, 0
could, 0
after, 0
even, 0
because, 0
us, 0
said, 0
good, 0
way, 0
two, 0
should, 0
work, 0
use, 0
through, 0
see, 0
know, 0
did, 0
much, 0
where, 0
years, 0
need, 0
him, 0
back, 0
such, 0
those, 0
being, 0
day, 0
take, 0
while, 0
here, 0
before, 0
does, 0
great, 0
year, 0
go, 0
help, 0
want, 0
really, 0
think, 0
best, 0
life, 0
each, 0
made, 0
right, 0
world, 0
business, 0
home, 0
own, 0
down, 0
still, 0
used, 0
find, 0
around, 0
going, 0
every, 0
both, 0
last, 0
off, 0
too, 0
same, 0
information, 0
little, 0
another, 0
look, 0
few, 0
long, 0
part, 0
since, 0
things, 0
place, 0
am, 0
between, 0
during, 0
different, 0
must, 0
come, 0
using, 0
however, 0
without, 0
high, 0
why, 0
something, 0
online, 0
system, 0
better, 0
three, 0
never, 0
always, 0
love, 0
say, 0
might, 0
next, 0
company, 0
state, 0
number, 0
again, 0
free, 0
lot, 0
under, 0
family, 0
found, 0
within, 0
give, 0
set, 0
school, 0
important, 0
water, 0
able, 0
keep, 0
got, 0
sure, 0
end, 0
money, 0
service, 0
small, 0
put, 0
experience, 0
having, 0
once, 0
available, 0
health, 0
support, 0
often, 0
including, 0
days, 0
away, 0
old, 0
area, 0
feel, 0
read, 0
show, 0
big, 0
against, 0
thing, 0
order, 0
program, 0
though, 0
city, 0
group, 0
services, 0
site, 0
making, 0
course, 0
point, 0
children, 0
times, 0
team, 0
game, 0
along, 0
let, 0
house, 0
today, 0
body, 0
working, 0
case, 0
man, 0
real, 0
provide, 0
care, 0
public, 0
top, 0
looking, 0
several, 0
start, 0
less, 0
process, 0
become, 0
actually, 0
local, 0
together, 0
person, 0
change, 0
book, 0
enough, 0
getting, 0
week, 0
power, 0
until, 0
market, 0
fact, 0
god, 0
food, 0
students, 0
full, 0
women, 0
community, 0
name, 0
second, 0
data, 0
government, 0
says, 0
others, 0
ever, 0
yet, 0
research, 0
done, 0
left, 0
far, 0
large, 0
called, 0
doing, 0
already, 0
development, 0
social, 0
open, 0
possible, 0
side, 0
play, 0
means, 0
needs, 0
try, 0
came, 0
ca, 0
based, 0
hard, 0
thought, 0
products, 0
national, 0
quality, 0
level, 0
live, 0
design, 0
makes, 0
project, 0
line, 0
night, 0
least, 0
whether, 0
job, 0
car, 0
example, 0
include, 0
following, 0
given, 0
website, 0
past, 0
plan, 0
offer, 0
buy, 0
call, 0
went, 0
simply, 0
hand, 0
music, 0
easy, 0
problem, 0
men, 0
country, 0
took, 0
four, 0
members, 0
form, 0
personal, 0
control, 0
energy, 0
room, 0
head, 0
pay, 0
create, 0
run, 0
kind, 0
credit, 0
almost, 0
believe, 0
quite, 0
mind, 0
law, 0
early, 0
comes, 0
states, 0
usually, 0
companies, 0
web, 0
taking, 0
started, 0
later, 0
although, 0
story, 0
per, 0
future, 0
known, 0
someone, 0
across, 0
rather, 0
young, 0
whole, 0
special, 0
everything, 0
months, 0
anything, 0
training, 0
url, 0
bit, 0
seen, 0
product, 0
american, 0
please, 0
management, 0
cost, 0
either, 0
light, 0
university, 0
face, 0
due, 0
nothing, 0
human, 0
event, 0
history, 0
probably, 0
friends, 0
learn, 0
current, 0
tell, 0
general, 0
price, 0
list, 0
type, 0
building, 0
industry, 0
bad, 0
check, 0
everyone, 0
office, 0
idea, 0
internet, 0
news, 0
million, 0
video, 0
among, 0
air, 0
especially, 0
told, 0
results, 0
post, 0
hours, 0
international, 0
center, 0
understand, 0
above, 0
addition, 0
major, 0
education, 0
white, 0
particular, 0
problems, 0
media, 0
according, 0
upon, 0
page, 0
continue, 0
black, 0
study, 0
issues, 0
inside, 0
technology, 0
five, 0
value, 0
further, 0
access, 0
reason, 0
short, 0
true, 0
simple, 0
natural, 0
amount, 0
search, 0
result, 0
taken, 0
main, 0
heart, 0
space, 0
financial, 0
ago, 0
trying, 0
question, 0
living, 0
likely, 0
interest, 0
various, 0
insurance, 0
common, 0
move, 0
child, 0
yourself, 0
report, 0
certain, 0
share, 0
single, 0
close, 0
instead, 0
bring, 0
works, 0
age, 0
s, 0
season, 0
hope, 0
coming, 0
areas, 0
ask, 0
medical, 0
low, 0
games, 0
turn, 0
key, 0
party, 0
add, 0
month, 0
seems, 0
view, 0
fun, 0
matter, 0
words, 0
needed, 0
